{
  "parent": "minecraft:husbandry/plant_seed",
  "display": {
    "icon": {
      "item": "minecraft:diamond_hoe",
      "nbt": "{Damage:0}"
    },
    "title": {
      "translate": "advancements.husbandry.netherite_hoe.title"
    },
    "description": {
      "translate": "用坏一把钻石锄，然后重新考虑你的人生抉择"
    },
    "frame": "challenge",
    "show_toast": true,
    "announce_to_chat": true,
    "hidden": false
  },
  "rewards": {
    "experience": 100
  },
  "criteria": {
    "consume_hoe": {
      "trigger": "minecraft:item_durability_changed",
      "conditions": {
        "durability": {"max":0,"min": -10},
        "item": {"items": ["minecraft:diamond_hoe"]}
        }
      }
    },
    "requirements": [["consume_hoe"]]
  }
