{
    "parent": "minecraft:husbandry/breed_an_animal",
    "display": {
      "icon": {
        "item": "minecraft:saddle"
      },
      "title": {
        "translate": "人工选择"
      },
      "description": {
        "translate": "用马和驴繁殖一头骡子"
      },
      "frame": "task",
      "show_toast": true,
      "announce_to_chat": true,
      "hidden": true
    },
    "criteria": {
      "mule": {
        "trigger": "minecraft:bred_animals",
        "conditions": {
            "child": {"type": "minecraft:mule"}
        }
      }
    },
    "requirements": [
      [
        "mule"
      ]
    ]
  }