{
    "parent": "luatea:husbandry/bread",
    "display": {
      "icon": {
        "item": "minecraft:enchanted_golden_apple"
      },
      "title": {
        "translate": "君 临 天 下"
      },
      "description": {
        "translate": "吃下闪闪发光的附魔金苹果"
      },
      "frame": "goal",
      "show_toast": true,
      "announce_to_chat": true,
      "hidden": true
    },
    "criteria": {
      "eat_enchanted_golden_apple":{
          "trigger":"minecraft:consume_item",
          "conditions": {
              "item":{"items":["minecraft:enchanted_golden_apple"]}
             }
        }
    }
}