{
    "parent": "minecraft:husbandry/plant_seed",
    "display": {
      "icon": {
        "item": "minecraft:rotten_flesh"
      },
      "title": {
        "translate": "铜墙铁胃"
      },
      "description": {
        "translate": "吃腐肉充饥"
      },
      "frame": "task",
      "show_toast": true,
      "announce_to_chat": true,
      "hidden": true
    },
    "criteria": {
      "eat_rotten_flesh":{
          "trigger":"minecraft:consume_item",
          "conditions": {
              "item":{"items":["minecraft:rotten_flesh"]},
              "player": [{
                  "condition":"entity_properties",
                  "entity": "this",
                  "predicate": {
                      "nbt": "{foodLevel:4}"
                  }
              }]
             }
        }
    },
    "requirements": [["eat_rotten_flesh"]]
}