{
    "parent": "minecraft:husbandry/tame_an_animal",
    "display": {
      "icon": {
        "item": "minecraft:player_head",
        "nbt":"{display:{Name:{'text':'Wolf'}},SkullOwner:{Id:[I;-1757923717,853100334,-1871047921,1403562707],Properties:{textures:[{Value:'eyJ0ZXh0dXJlcyI6eyJTS0lOIjp7InVybCI6Imh0dHA6Ly90ZXh0dXJlcy5taW5lY3JhZnQubmV0L3RleHR1cmUvZGMzZGQ5ODRiYjY1OTg0OWJkNTI5OTQwNDY5NjRjMjI3MjVmNzE3ZTk4NmIxMmQ1NDhmZDE2OTM2N2Q0OTQifX19'}]}}}"
      },
      "title": {
        "translate": "兽群领袖"
      },
      "description": {
        "translate": "和五匹狼成为朋友"
      },
      "frame": "goal",
      "show_toast": true,
      "announce_to_chat": true,
      "hidden": true
    },
    "criteria": {
      "mule": {
        "trigger": "minecraft:impossible"
      }
    },
    "requirements": [
      [
        "mule"
      ]
    ]
  }