{
    "parent": "luatea:husbandry/artificial_selection",
    "display": {
      "icon": {
        "item": "minecraft:bamboo"
      },
      "title": {
        "translate": "动物学家"
      },
      "description": {
        "translate": "用竹子喂养两头熊猫"
      },
      "frame": "task",
      "show_toast": true,
      "announce_to_chat": true,
      "hidden": true
    },
    "criteria": {
      "panda": {
        "trigger": "minecraft:bred_animals",
        "conditions": {
            "child": {"type": "minecraft:panda"}
        }
      }
    },
    "requirements": [
      [
        "panda"
      ]
    ]
  }