{
  "parent": "minecraft:story/follow_ender_eye",
  "display": {
    "icon": {
      "item": "minecraft:end_stone"
    },
    "title": {
      "translate": "advancements.story.enter_the_end.title"
    },
    "description": {
      "translate": "进入末路之地"
    },
    "frame": "task",
    "show_toast": true,
    "announce_to_chat": true,
    "hidden": true
  },
  "criteria": {
    "entered_end": {
      "trigger": "minecraft:changed_dimension",
      "conditions": {
        "to": "minecraft:the_end"
      }
    }
  },
  "requirements": [
    [
      "entered_end"
    ]
  ]
}