{
    "display": {
        "icon": {
            "item": "minecraft:golden_chestplate",
            "nbt":"{Damage:0,Enchantments:[{id:'minecraft:sharpness',lvl:10}]}"
        },
        "title": "真金不怕火炼",
        "description": "在抗火保护下穿上全套黄金盔甲在岩浆里游泳",
        "frame": "goal"
    },
    "parent": "minecraft:nether/brew_potion",
    "criteria": {
        "infire":{
            "trigger": "minecraft:location",
            "conditions": {
            "player":[{
            "condition": "minecraft:entity_properties",
            "entity": "this",
            "predicate": {
                "location": {"block": {"blocks": ["minecraft:lava"]}},
                "equipment": {
                    "head": {"items": ["minecraft:golden_helmet"]},
                    "chest": {"items": ["minecraft:golden_chestplate"]},
                    "legs": {"items": ["minecraft:golden_leggings"]},
                    "feet": {"items": ["minecraft:golden_boots"]}
                },
                "effects": {"minecraft:fire_resistance":{}}
            }}]}
        }
    }
}