{
    "display": {
        "icon": {
            "item": "minecraft:iron_boots",
            "nbt": "{Damage:0,Enchantments:[{id:'minecraft:sharpness',lvl:10}]}"
        },
        "frame": "task",
        "title": "冰与火之歌",
        "description": "在有冰霜行者的附魔下行走在岩浆块上不被烫伤"
    },
    "parent": "luatea:nether/gui_bu_xie",
    "criteria": {
        "ice_and_fire":{
            "trigger": "minecraft:location",
            "conditions": {
                "player": [
                    {
                        "condition": "minecraft:entity_properties",
                        "entity": "this",
                        "predicate": {
                            "stepping_on": {
                                "block": {"blocks": ["minecraft:magma_block"]}
                            },
                            "equipment": {
                                "feet": {
                                    "items": ["minecraft:iron_boots","minecraft:golden_boots","minecraft:diamond_boots","minecraft:leather_boots","minecraft:chainmail_boots","minecraft:netherite_boots"],
                                    "enchantments": [{"enchantment":"minecraft:frost_walker","levels": {"max":10,"min": 1}}]
                                }
                            }
                        }
                    }
                ]
            }
        }
        
    }
}