{
  "parent": "minecraft:end/enter_end_gateway",
  "display": {
    "icon": {
      "item": "minecraft:purpur_block"
    },
    "title": {
      "translate": "advancements.end.find_end_city.title"
    },
    "description": {
      "translate": "是谁建造了它？"
    },
    "frame": "task",
    "show_toast": true,
    "announce_to_chat": true,
    "hidden": true
  },
  "criteria": {
    "in_city": {
      "conditions": {
        "player": [
          {
            "condition": "minecraft:entity_properties",
            "entity": "this",
            "predicate": {
              "location": {
                "structure": "minecraft:end_city"
              }
            }
          }
        ]
      },
      "trigger": "minecraft:location"
    }
  },
  "requirements": [
    [
      "in_city"
    ]
  ]
}