{
  "parent": "minecraft:end/root",
  "display": {
    "icon": {
      "item": "minecraft:dragon_head"
    },
    "title": {
      "translate": "末路之地"
    },
    "description": {
      "translate": "“You’re a slave of history”"
    },
    "frame": "task",
    "show_toast": true,
    "announce_to_chat": true,
    "hidden": true
  },
  "rewards":{
    "function": "luatea:enter_the_end"
  },
  "criteria": {
    "killed_dragon": {
      "trigger": "minecraft:player_killed_entity",
      "conditions": {
        "entity": [
          {
            "condition": "minecraft:entity_properties",
            "predicate": {
              "type": "minecraft:ender_dragon"
            },
            "entity": "this"
          }
        ]
      }
    }
  },
  "requirements": [
    [
      "killed_dragon"
    ]
  ]
}