{
  "parent": "luatea:adventure/kill_the_beast",
  "display": {
    "icon": {
      "item": "minecraft:white_banner",
      "nbt": "{BlockEntityTag:{Patterns:[{Color:9,Pattern:'mr'},{Color:8,Pattern:'bs'},{Color:7,Pattern:'cs'},{Color:8,Pattern:'bo'},{Color:15,Pattern:'ms'},{Color:8,Pattern:'hh'},{Color:8,Pattern:'mc'},{Color:15,Pattern:'bo'}],id:'minecraft:banner'},HideFlags:32,display:{Name:{'color':'gold','translate':'block.minecraft.ominous_banner'}}}"
    },
    "title": {
      "translate": "advancements.adventure.hero_of_the_village.title"
    },
    "description": {
      "translate": "advancements.adventure.hero_of_the_village.description"
    },
    "frame": "challenge",
    "show_toast": true,
    "announce_to_chat": true,
    "hidden": true
  },
  "rewards": {
    "experience": 100
  },
  "criteria": {
    "hero_of_the_village": {
      "trigger": "minecraft:hero_of_the_village",
      "conditions": {}
    }
  },
  "requirements": [
    [
      "hero_of_the_village"
    ]
  ]
}