{
  "parent": "luatea:adventure/hit_warden",
  "criteria": {
    "kill_mob_near_sculk_catalyst": {
      "conditions": {},
      "trigger": "minecraft:kill_mob_near_sculk_catalyst"
    }
  },
  "display": {
    "announce_to_chat": true,
    "description": {
      "translate": "advancements.adventure.kill_mob_near_sculk_catalyst.description"
    },
    "frame": "challenge",
    "hidden": false,
    "icon": {
      "item": "minecraft:sculk_catalyst"
    },
    "show_toast": true,
    "title": {
      "translate": "advancements.adventure.kill_mob_near_sculk_catalyst.title"
    }
  },
  "requirements": [
    [
      "kill_mob_near_sculk_catalyst"
    ]
  ]
}