{
  "parent": "minecraft:adventure/kill_a_mob",
  "display": {
    "icon": {
      "item": "minecraft:arrow"
    },
    "title": {
      "translate": "Ja,Treffer!"
    },
    "description": {
      "translate": "呀，脱发"
    },
    "frame": "task",
    "show_toast": true,
    "announce_to_chat": true,
    "hidden": false
  },
  "criteria": {
    "shot_arrow": {
      "trigger": "minecraft:player_hurt_entity",
      "conditions": {
        "damage": {
          "type": {
            "is_projectile": true,
            "direct_entity": {
              "type": "#minecraft:arrows"
            }
          }
        }
      }
    }
  },
  "requirements": [
    [
      "shot_arrow"
    ]
  ]
}