{
  "parent": "minecraft:adventure/root",
  "display": {
    "icon": {
      "item": "minecraft:spyglass"
    },
    "title": {
      "translate": "advancements.adventure.spyglass_at_parrot.title"
    },
    "description": {
      "translate": "advancements.adventure.spyglass_at_parrot.description"
    },
    "frame": "task",
    "show_toast": true,
    "announce_to_chat": true,
    "hidden": true
  },
  "criteria": {
    "spyglass_at_parrot": {
      "trigger": "minecraft:using_item",
      "conditions": {
        "player": [
          {
            "condition": "minecraft:entity_properties",
            "predicate": {
              "type_specific":{
                "type":"player",
                "looking_at": {
                  "type": "minecraft:parrot"
                }
              }
            },
            "entity": "this"
          }
        ],
        "item": {
          "items": [
            "minecraft:spyglass"
          ]
        }
      }
    }
  },
  "requirements": [
    [
      "spyglass_at_parrot"
    ]
  ]
}