{
    "parent": "luatea:sever/root",
    "rewards": {
      "function": 
        "luatea:enter_the_end_2"
    },
    "criteria": {
      "enter_end": {
        "trigger": "minecraft:location",
        "conditions": {
          "player": [
            {
        "condition": "minecraft:entity_properties",
            "entity": "this",
            "predicate": {
            "location": {
            "dimension": "minecraft:the_end",
            "position": {
              "x":{"min":1000}
            }
          }
        }}]}
      },
      "enter_end_2": {
        "trigger": "minecraft:location",
        "conditions": {
          "player": [
            {
        "condition": "minecraft:entity_properties",
            "entity": "this",
            "predicate": {
            "location": {
            "dimension": "minecraft:the_end",
            "position": {
              "z":{"min":1000}
            }
          }
        }}]}
      },
      "enter_end_3": {
        "trigger": "minecraft:location",
        "conditions": {
          "player": [
            {
        "condition": "minecraft:entity_properties",
            "entity": "this",
            "predicate": {
            "location": {
            "dimension": "minecraft:the_end",
            "position": {
              "x":{"max":-1000}
            }
          }
        }}]}
      },
      "enter_end_4": {
        "trigger": "minecraft:location",
        "conditions": {
          "player": [
            {
        "condition": "minecraft:entity_properties",
            "entity": "this",
            "predicate": {
              "location": {
              "dimension": "minecraft:the_end",
              "position": {
                "z":{"max":-1000}
            }
          }
        }}]}
      }
    },
    "requirements": [
      [
        "enter_end","enter_end_2","enter_end_3","enter_end_4"
      ]
    ]
  }