{
    "parent": "luatea:sever/root",
    "rewards": {
      "function": 
        "luatea:enter_the_nether"
    },
    "criteria": {
      "enter_nether": {
        "trigger": "minecraft:location",
        "conditions": {
          "player": [
            {
        "condition": "minecraft:entity_properties",
            "entity": "this",
            "predicate": {
              "location": {
                "dimension": "minecraft:the_nether"
              }
            }}]}
      }
    },
    "requirements": [
      [
        "enter_nether"
      ]
    ]
  }