{
  "parent": "minecraft:recipes/root",
  "rewards": {
    "recipes": [
      "minecraft:powered_rail"
    ]
  },
  "criteria": {
    "has_rail": {
      "trigger": "minecraft:inventory_changed",
      "conditions": {
        "items": [
          {
            "items": [
              "minecraft:rail"
            ]
          }
        ]
      }
    },
    "has_the_recipe": {
      "trigger": "minecraft:recipe_unlocked",
      "conditions": {
        "recipe": "minecraft:powered_rail"
      }
    },
    "bug_fix": {
      "trigger": "minecraft:recipe_unlocked",
      "conditions": {
        "recipe": "minecraft:rail"
      }
  }
  },
  "requirements": [
    [
      "has_rail",
      "has_the_recipe",
      "bug_fix"
    ]
  ]
}