{
    "parent": "luatea:adventure/find_village",
    "display": {
      "icon": {
        "item": "minecraft:player_head",
        "nbt":"{display:{Name:{'text':'Guardian'}},SkullOwner:{Id:[I;1653544400,-476295207,-1672573887,-722121943],Properties:{textures:[{Value:'eyJ0ZXh0dXJlcyI6eyJTS0lOIjp7InVybCI6Imh0dHA6Ly90ZXh0dXJlcy5taW5lY3JhZnQubmV0L3RleHR1cmUvYTBiZjM0YTcxZTc3MTViNmJhNTJkNWRkMWJhZTVjYjg1Zjc3M2RjOWIwZDQ1N2I0YmZjNWY5ZGQzY2M3Yzk0In19fQ=='}]}}}"
      },
      "title": {
        "translate": "海洋的秘密"
      },
      "description": {
        "translate": "到访一座海底神殿"
      },
      "frame": "task",
      "show_toast": true,
      "announce_to_chat": true,
      "hidden": false
    },
    "criteria": {
      "monument": {
        "trigger": "minecraft:location",
        "conditions": {
        "player":[{
        "condition": "minecraft:entity_properties",
        "entity": "this",
        "predicate": {
          "location": {
            "structure": "monument"
          }
        }}]}
      }
    },
    "requirements": [
      [
        "monument"
      ]
    ]
  }