{
    "parent": "luatea:adventure/find_jungle_pyramid",
    "display": {
      "icon": {
        "item": "minecraft:player_head",
        "nbt":"{display:{Name:{'text':'Witch'}},SkullOwner:{Id:[I;2103466932,-1535819516,-1093479217,-117103095],Properties:{textures:[{Value:'eyJ0ZXh0dXJlcyI6eyJTS0lOIjp7InVybCI6Imh0dHA6Ly90ZXh0dXJlcy5taW5lY3JhZnQubmV0L3RleHR1cmUvZmNlNjYwNDE1N2ZjNGFiNTU5MWU0YmNmNTA3YTc0OTkxOGVlOWM0MWUzNTdkNDczNzZlMGVlNzM0MjA3NGM5MCJ9fX0='}]}}}"
      },
      "title": {
        "translate": "古典“化工厂”"
      },
      "description": {
        "translate": "到访一座女巫小屋"
      },
      "frame": "task",
      "show_toast": true,
      "announce_to_chat": true,
      "hidden": true
    },
    "criteria": {
      "swamp_hut": {
        "trigger": "minecraft:location",
        "conditions": {
        "player":[{
        "condition": "minecraft:entity_properties",
        "entity": "this",
        "predicate": {
          "location": {
            "structure": "swamp_hut"
          }
        }}]}
      }
    },
    "requirements": [
      [
        "swamp_hut"
      ]
    ]
  }