{
    "parent": "minecraft:adventure/avoid_vibration",
    "display": {
      "icon": {
        "item": "minecraft:player_head",
        "nbt":"{display:{Name:{'text':'Warden'}},SkullOwner:{Id:[I;229737224,-672444584,-1328134337,-1750534138],Properties:{textures:[{Value:'eyJ0ZXh0dXJlcyI6eyJTS0lOIjp7InVybCI6Imh0dHA6Ly90ZXh0dXJlcy5taW5lY3JhZnQubmV0L3RleHR1cmUvY2Y2NDgxYzdjNDM1YzM0ZjIxZGZmMTA0M2E0YzcwMzRjNDQ1YTM4M2E1NDM1ZmExZjJhNTAzYTM0OGFmZDYyZiJ9fX0='}]}}}"
      },
      "title": {
        "translate": "传说之下"
      },
      "description": {
        "translate": "发现远古城市"
      },
      "frame": "task",
      "show_toast": true,
      "announce_to_chat": true,
      "hidden": true
    },
    "criteria": {
      "ancient_city": {
        "trigger": "minecraft:location",
        "conditions": {
        "player":[{
        "condition": "minecraft:entity_properties",
        "entity": "this",
        "predicate": {
          "location": {
            "structure": "minecraft:ancient_city"
          }
        }}]}
      }
    },
    "requirements": [
      [
        "ancient_city"
      ]
    ],
    "rewards": {"function": "luatea:server_advancements_fix_1"}
  }