{
    "parent": "luatea:adventure/find_igloo",
    "display": {
      "icon": {
        "item": "minecraft:mossy_cobblestone"
      },
      "title": {
        "translate": "神庙冒险"
      },
      "description": {
        "translate": "到访一座丛林神庙"
      },
      "frame": "task",
      "show_toast": true,
      "announce_to_chat": true,
      "hidden": true
    },
    "criteria": {
      "jungle_pyramid": {
        "trigger": "minecraft:location",
        "conditions": {
        "player":[{
        "condition": "minecraft:entity_properties",
        "entity": "this",
        "predicate": {
          "location": {
            "structure": "jungle_pyramid"
          }
        }}]}
      }
    },
    "requirements": [
      [
        "jungle_pyramid"
      ]
    ]
  }