{
    "parent": "minecraft:adventure/whos_the_pillager_now",
    "display": {
      "icon": {
        "item": "minecraft:player_head",
        "nbt": "{display:{Name:{'text':'Pillager'}},SkullOwner:{Id:[I;449435050,1190088049,-1334360732,942410307],Properties:{textures:[{Value:'eyJ0ZXh0dXJlcyI6eyJTS0lOIjp7InVybCI6Imh0dHA6Ly90ZXh0dXJlcy5taW5lY3JhZnQubmV0L3RleHR1cmUvNGFlZTZiYjM3Y2JmYzkyYjBkODZkYjVhZGE0NzkwYzY0ZmY0NDY4ZDY4Yjg0OTQyZmRlMDQ0MDVlOGVmNTMzMyJ9fX0='}]}}}"
      },
      "title": {
        "translate": "大资本家的别墅"
      },
      "description": {
        "translate": "到访一座掠夺者前哨站"
      },
      "frame": "task",
      "show_toast": true,
      "announce_to_chat": true,
      "hidden": true
    },
    "criteria": {
      "pillager_outpost": {
        "trigger": "minecraft:location",
        "conditions": {
        "player":[{
        "condition": "minecraft:entity_properties",
        "entity": "this",
        "predicate": {
          "location": {
            "structure": "pillager_outpost"
          }
        }}]}
      }
    },
    "requirements": [
      [
        "pillager_outpost"
      ]
    ]
  }