{
    "parent": "minecraft:adventure/sleep_in_bed",
    "display": {
      "icon": {
        "item": "minecraft:player_head",
        "nbt":"{SkullOwner:MHF_Villager}"
      },
      "title": {
        "translate": "“你好，旅行者”"
      },
      "description": {
        "translate": "到访一座村庄"
      },
      "frame": "task",
      "show_toast": true,
      "announce_to_chat": true,
      "hidden": true
    },
    "criteria": {
      "village1": {
        "trigger": "minecraft:location",
        "conditions": {
        "player":[{
        "condition": "minecraft:entity_properties",
        "entity": "this",
        "predicate": {
          "location": {
            "structure": "minecraft:village_desert"
          }
        }}]}
      },
      "village2": {
        "trigger": "minecraft:location",
        "conditions": {
        "player":[{
        "condition": "minecraft:entity_properties",
        "entity": "this",
        "predicate": {
          "location": {
            "structure": "minecraft:village_plains"
          }
        }}]}
      },
      "village3": {
        "trigger": "minecraft:location",
        "conditions": {
        "player":[{
        "condition": "minecraft:entity_properties",
        "entity": "this",
        "predicate": {
          "location": {
            "structure": "minecraft:village_savanna"
          }
        }}]}
      },
      "village4": {
        "trigger": "minecraft:location",
        "conditions": {
        "player":[{
        "condition": "minecraft:entity_properties",
        "entity": "this",
        "predicate": {
          "location": {
            "structure": "minecraft:village_snowy"
          }
        }}]}
      },
      "village5": {
        "trigger": "minecraft:location",
        "conditions": {
        "player":[{
        "condition": "minecraft:entity_properties",
        "entity": "this",
        "predicate": {
          "location": {
            "structure": "minecraft:village_taiga"
          }
        }}]}
      }
    },
    "requirements": [
      [
        "village1","village2","village3","village4","village5"
      ]
    ]
  }