{
    "parent": "luatea:adventure/find_monument",
    "display": {
      "icon": {
        "item": "minecraft:cracked_stone_bricks"
      },
      "title": {
        "translate": "亚特兰蒂斯？"
      },
      "description": {
        "translate": "到访一座海底废墟"
      },
      "frame": "task",
      "show_toast": true,
      "announce_to_chat": true,
      "hidden": true
    },
    "criteria": {
      "ocean_ruin1": {
        "trigger": "minecraft:location",
        "conditions": {
        "player":[{
        "condition": "minecraft:entity_properties",
        "entity": "this",
        "predicate": {
          "location": {
            "structure": "minecraft:ocean_ruin_cold"
          }
        }}]}
      },
      "ocean_ruin2": {
        "trigger": "minecraft:location","conditions": {
        "player":[{
        "condition": "minecraft:entity_properties",
        "entity": "this",
        "predicate": {
          "location": {
            "structure": "minecraft:ocean_ruin_warm"
          }
        }}]}
      }
    },
    "requirements": [
      [
        "ocean_ruin1","ocean_ruin2"
      ]
    ]
  }