{
    "parent": "minecraft:adventure/voluntary_exile",
    "display": {
      "icon": {
        "item": "minecraft:player_head",
        "nbt": "{display:{Name:{'text':'Ravager'}},SkullOwner:{Id:[I;-988784499,1538476442,-1335897902,1631763943],Properties:{textures:[{Value:'eyJ0ZXh0dXJlcyI6eyJTS0lOIjp7InVybCI6Imh0dHA6Ly90ZXh0dXJlcy5taW5lY3JhZnQubmV0L3RleHR1cmUvY2QyMGJmNTJlYzM5MGEwNzk5Mjk5MTg0ZmM2NzhiZjg0Y2Y3MzJiYjFiZDc4ZmQxYzRiNDQxODU4ZjAyMzVhOCJ9fX0='}]}}}"
      },
      "title": {
        "translate": "降妖除魔"
      },
      "description": {
        "translate": "击败一个劫掠兽"
      },
      "frame": "task",
      "show_toast": true,
      "announce_to_chat": true,
      "hidden": true
    },
    "criteria": {
      "ravager": {
        "trigger": "minecraft:player_killed_entity",
        "conditions": {
            "entity": {"type": "minecraft:ravager"}
        }
      }
    },
    "requirements": [
      [
        "ravager"
      ]
    ]
  }