{
    "parent": "minecraft:adventure/sleep_in_bed",
    "display": {
      "icon": {
        "item": "minecraft:birch_boat",
        "nbt": "{Damage:0,Enchantments:[{id:'minecraft:sharpness',lvl:10}]}"
      },
      "title": {
        "translate": "纵横九海"
      },
      "description": {
        "translate": "到访所有海洋生物群系"
      },
      "frame": "challenge",
      "show_toast": true,
      "announce_to_chat": true,
      "hidden": false
    },
    "rewards": {
      "experience": 10
    },
    "criteria": {
        "minecraft:warm_ocean": {
            "trigger": "minecraft:location",
            "conditions": {
            "player":[{
              "entity": "this",
              "condition": "minecraft:entity_properties",
              "predicate": {
              "location": {
                "biome": "minecraft:warm_ocean"
              }
            }}]}
          },
          "minecraft:lukewarm_ocean": {
            "trigger": "minecraft:location",
            "conditions": {
            "player":[{
            "condition": "minecraft:entity_properties",
            "entity": "this",
            "predicate": {
              "location": {
                "biome": "minecraft:lukewarm_ocean"
              }
            }}]}
          },
          "minecraft:cold_ocean": {
            "trigger": "minecraft:location",
            "conditions": {
            "player":[{
            "condition": "minecraft:entity_properties",
            "entity": "this",
            "predicate": {
              "location": {
                "biome": "minecraft:cold_ocean"
              }
            }}]}
          },
          "minecraft:deep_lukewarm_ocean": {
            "trigger": "minecraft:location",
            "conditions": {
            "player":[{
            "condition": "minecraft:entity_properties",
            "entity": "this",
            "predicate": {
              "location": {
                "biome": "minecraft:deep_lukewarm_ocean"
              }
            }}]}
          },
          "minecraft:deep_cold_ocean": {
            "trigger": "minecraft:location",
            "conditions": {
            "player":[{
            "condition": "minecraft:entity_properties",
            "entity": "this",
            "predicate": {
              "location": {
                "biome": "minecraft:deep_cold_ocean"
              }
            }}]}
          },
          "minecraft:deep_frozen_ocean": {
            "trigger": "minecraft:location",
            "conditions": {
            "player":[{
            "condition": "minecraft:entity_properties",
            "entity": "this",
            "predicate": {
              "location": {
                "biome": "minecraft:deep_frozen_ocean"
              }
            }}]}
          },
          "minecraft:ocean": {
            "trigger": "minecraft:location",
            "conditions": {
            "player":[{
            "condition": "minecraft:entity_properties",
            "entity": "this",
            "predicate": {
              "location": {
                "biome": "minecraft:ocean"
              }
            }}]}
          },
          "minecraft:deep_ocean": {
            "trigger": "minecraft:location",
            "conditions": {
            "player":[{
            "condition": "minecraft:entity_properties",
            "entity": "this",
            "predicate": {
              "location": {
                "biome": "minecraft:deep_ocean"
              }
            }}]}
          },
          "minecraft:frozen_ocean": {
            "trigger": "minecraft:location",
            "conditions": {
            "player":[{
            "condition": "minecraft:entity_properties",
            "entity": "this",
            "predicate": {
              "location": {
                "biome": "minecraft:frozen_ocean"
              }
            }}]}
          }
    },
    "requirements": [
        [
            "minecraft:warm_ocean"
          ],
          [
            "minecraft:lukewarm_ocean"
          ],
          [
            "minecraft:cold_ocean"
          ],
          [
            "minecraft:deep_lukewarm_ocean"
          ],
          [
            "minecraft:deep_cold_ocean"
          ],
          [
            "minecraft:deep_frozen_ocean"
          ],
          [
            "minecraft:ocean"
          ],
          [
            "minecraft:frozen_ocean"
          ],
          [
            "minecraft:deep_ocean"
          ]
    ]
  }