{
    "parent": "luatea:adventure/underwater",
    "display": {
        "icon": {
            "item": "minecraft:player_head",
            "nbt":"{Enchantments:[{id:'unbreaking',lvl:1}],display:{Name:{'text':'Glass of Water'}},SkullOwner:{Id:[I;-1146889428,632573691,-2144070015,-676114767],Properties:{textures:[{Value:'eyJ0ZXh0dXJlcyI6eyJTS0lOIjp7InVybCI6Imh0dHA6Ly90ZXh0dXJlcy5taW5lY3JhZnQubmV0L3RleHR1cmUvMjNmNWY2OWI5NGI2NGNkNTJhY2MyZTg3ZDg0NmY2MzUyYTRjYjA3MDU2YjE0N2UyNDhhZjZlZjlmMjc4ZWY4ZiJ9fX0='}]}},}"
        },
        "hidden": true,
        "frame": "challenge",
        "title": "与鱼共眠",
        "description": "在水下度过整一天"
    },
    "criteria": {
        "sleep_with_fish":{
            "trigger": "minecraft:impossible"
        }
    },
    "rewards":{
        "function": "luatea:technical/advancement/sleep_with_fish_clear",
        "experience": 500
    },
    "requirements": [["sleep_with_fish"]]
}