{
    "parent": "minecraft:adventure/spyglass_at_dragon",
    "display": {
      "icon": {
        "item": "minecraft:spyglass"
      },
      "title": {
        "translate": "那是“V2”！  ——Pixy"
      },
      "description": {
        "translate": "透过望远镜观察到苦力怕"
      },
      "frame": "task",
      "show_toast": true,
      "announce_to_chat": true,
      "hidden": true
    },
    "criteria": {
      "spyglass_at_creeper": {
        "trigger": "minecraft:using_item",
        "conditions": {
          "player": [
            {
              "condition": "minecraft:entity_properties",
              "predicate": {
                "type_specific":{
                  "type":"player",
                  "looking_at": {
                    "type": "minecraft:creeper"
                  }
                }
              },
              "entity": "this"
            }
          ],
          "item": {
            "items": [
              "minecraft:spyglass"
            ]
          }
        }
      }
    },
    "requirements": [
      [
        "spyglass_at_creeper"
      ]
    ]
  }