{
    "display": {
        "icon": {
            "item": "minecraft:cobblestone"
        },
        "title": "圆石真多",
        "description": "开采1728块圆石并将它们放在箱子中",
        "hidden": true,
        "frame": "goal"
    },
    "parent": "luatea:story/hot_topic",
    "criteria": {
        "cobblestone":{
            "trigger": "minecraft:item_used_on_block",
            "conditions": {
                "location": {
                    "block": {
                        "blocks": ["minecraft:chest","minecraft:trapped_chest"],
                        "nbt": "{Items:[{Count:64b,Slot:0b,id:'minecraft:cobblestone'},{Count:64b,Slot:1b,id:'minecraft:cobblestone'},{Count:64b,Slot:2b,id:'minecraft:cobblestone'},{Count:64b,Slot:3b,id:'minecraft:cobblestone'},{Count:64b,Slot:4b,id:'minecraft:cobblestone'},{Count:64b,Slot:5b,id:'minecraft:cobblestone'},{Count:64b,Slot:6b,id:'minecraft:cobblestone'},{Count:64b,Slot:7b,id:'minecraft:cobblestone'},{Count:64b,Slot:8b,id:'minecraft:cobblestone'},{Count:64b,Slot:9b,id:'minecraft:cobblestone'},{Count:64b,Slot:10b,id:'minecraft:cobblestone'},{Count:64b,Slot:11b,id:'minecraft:cobblestone'},{Count:64b,Slot:12b,id:'minecraft:cobblestone'},{Count:64b,Slot:13b,id:'minecraft:cobblestone'},{Count:64b,Slot:14b,id:'minecraft:cobblestone'},{Count:64b,Slot:15b,id:'minecraft:cobblestone'},{Count:64b,Slot:16b,id:'minecraft:cobblestone'},{Count:64b,Slot:17b,id:'minecraft:cobblestone'},{Count:64b,Slot:18b,id:'minecraft:cobblestone'},{Count:64b,Slot:19b,id:'minecraft:cobblestone'},{Count:64b,Slot:20b,id:'minecraft:cobblestone'},{Count:64b,Slot:21b,id:'minecraft:cobblestone'},{Count:64b,Slot:22b,id:'minecraft:cobblestone'},{Count:64b,Slot:23b,id:'minecraft:cobblestone'},{Count:64b,Slot:24b,id:'minecraft:cobblestone'},{Count:64b,Slot:25b,id:'minecraft:cobblestone'},{Count:64b,Slot:26b,id:'minecraft:cobblestone'}]}"
                    }
                }
            }
        }
    }
}