{
    "parent": "minecraft:story/deflect_arrow",
    "display": {
      "icon": {
        "item": "minecraft:player_head",
        "nbt":"{display:{Name:{'text':'Keralis'}},SkullOwner:{Id:[I;928485374,-1388491034,-1156907977,-1973606067],Properties:{textures:[{Value:'eyJ0ZXh0dXJlcyI6eyJTS0lOIjp7InVybCI6Imh0dHA6Ly90ZXh0dXJlcy5taW5lY3JhZnQubmV0L3RleHR1cmUvMWUxZDc1NTljNDdmZTZiNTFhNzBlNjViY2JhNjMzMDE5ODZiMTE0Y2FiOTNiYzg1NjZjYzg4MDM4ZjAzMjBlNiJ9fX0='}]}}}"
      },
      "title": {"translate":"吃了这套，必须！"},
      "description": {"translate":"希望你能有个备用的"},
      "frame": "task",
      "show_toast": true,
      "announce_to_chat": true,
      "hidden": true
    },
    "criteria": {
        "break_shield": {
          "trigger": "minecraft:item_durability_changed",
          "conditions": {
            "durability": {"max":0,"min": -100},
            "item": {"items": ["minecraft:shield"]}
            }
          }
    },
    "requirements": [
      [
        "break_shield"
      ]
    ]
  }