{
    "parent": "minecraft:story/root",
    "display": {
      "icon": {
        "item": "minecraft:stone_hoe"
      },
      "title": {
        "translate": "农牧时代"
      },
      "description": {
        "translate": "获得一把锄头"
      },
      "frame": "task",
      "show_toast": true,
      "announce_to_chat": true,
      "hidden": false
    },
    "criteria": {
      "hoe": {
        "trigger": "minecraft:inventory_changed",
        "conditions": {
          "items": [
            {
              "items": [
                "minecraft:wooden_hoe","minecraft:stone_hoe","minecraft:golden_hoe","minecraft:iron_hoe","minecraft:diamond_hoe","minecraft:netherite_hoe"
              ]
            }
          ]
        }
      }
    },
    "requirements": [
      [
        "hoe"
      ]
    ]
  }