{
    "parent": "minecraft:story/obtain_armor",
    "display": {
      "icon": {
        "item": "minecraft:iron_chestplate",
        "nbt": "{Damage:0,Enchantments:[{id:'minecraft:sharpness',lvl:10}]}"
      },
      "title": {
        "translate": "钢铁侠"
      },
      "description": {
        "translate": "获得一整套铁盔甲"
      },
      "frame": "goal",
      "show_toast": true,
      "announce_to_chat": true,
      "hidden": true
    },
    "criteria": {
      "iron_armor": {
        "trigger": "minecraft:inventory_changed",
        "conditions": {
          "items": [
            {
              "items": [
                "minecraft:iron_helmet"
              ]
            },
            {
              "items": [
                "minecraft:iron_chestplate"
              ]
            },
            {
              "items": [
                "minecraft:iron_leggings"
              ]
            },
            {
              "items": [
                "minecraft:iron_boots"
              ]
            }
          ]
        }
      }
    },
    "requirements": [
      [
        "iron_armor"
      ]
    ]
  }